Nom	Heures_Ouverture	Services	Tarifs	Liens
Matabiau DÃ©capsule Club	"Ouverture
Lundi

15:30 - 20:00

Mardi

13:00 - 23:00

Mercredi

13:00 - 23:00

Jeudi

13:00 - 23:00

Vendredi

13:00 - 23:00

Samedi

13:00 - 23:00

Dimanche

FermÃ©"	['Restauration', 'Vente Ã  emporter', 'Wifi gratuit', 'ðŸŒ¬ Air climatisÃ©', 'FlÃ©chettes', 'Jeux de sociÃ©tÃ©']	"Happy HourStandardBiÃ¨re blonde(50cl)
3,70Â â‚¬

4,90Â â‚¬
BiÃ¨re blonde(25cl)
- 
2,80Â â‚¬"	/fr/places/matabiau-decapsule-club
Tom Pouce	"Ouverture
Lundi

10:30 - 20:00

Mardi

10:30 - 20:00

Mercredi

10:30 - 20:00

Jeudi

10:30 - 20:00

Vendredi

10:30 - 20:00

Samedi

10:30 - 20:00

Dimanche

FermÃ©"	['Terrasse', 'Restauration', 'Vente Ã  emporter', 'ðŸŒ¬ Air climatisÃ©', 'AccÃ¨s & Toilettes HandicapÃ©s', 'DJ Mix', 'Chiens acceptÃ©s']	"Happy HourStandard1664 Blanche(50cl)
5,50Â â‚¬

7,00Â â‚¬"	/fr/places/tom-pouce
The Black Lion	"Ouverture
Lundi

08:30 - 02:00

Mardi

08:30 - 02:00

Mercredi

08:30 - 02:00

Jeudi

08:30 - 02:00

Vendredi

08:30 - 02:00

Samedi

08:30 - 03:00

Dimanche

12:00 - 02:00"	['Terrasse', 'Restauration', 'Diffusion de matchs', 'FlÃ©chettes', 'Concerts / Musique Live']	"Happy HourStandardKronenbourg(50cl)
4,00Â â‚¬

- Carlsberg(50cl)
4,50Â â‚¬

-  Grimbergen Blonde
(50cl)
4,50Â â‚¬

-  Grimbergen
(50cl)
4,50Â â‚¬

- 
aaaaaaaaaaa 
5,00Â â‚¬

3,00Â â‚¬

aaaaaaaaaaaaaaaaaaa 
7,00Â â‚¬

6,00Â â‚¬

aaaaaaaaaaaaaaaa 
1,00Â â‚¬

7,00Â â‚¬

aaaaaaaaaaaaaaaaa 
4,00Â â‚¬

1,00Â â‚¬

aaaaaaaaaaaaaaaa 
3,00Â â‚¬

1,00Â â‚¬

aaaaaaaaaaa 
8,00Â â‚¬

3,00Â â‚¬

aaaaaaaaaaaaaaa 
2,00Â â‚¬

2,00Â â‚¬

aaaaaaaaaaa 
1,00Â â‚¬

7,00Â â‚¬

aaaaaaaaaaaaaaaa 
3,00Â â‚¬

2,00Â â‚¬
Pour voir les horaires et les prix de toutes les boissons en happy hour, tÃ©lÃ©charge l'appli Schlouk Mapâ€¯
Scanner le QR CodeAppli gratuiteÂ Â Â·Â Â 4,8/5"	/fr/places/the-black-lion-1
Barricot	"Ouverture
Lundi

12:00 - 22:00

Mardi

12:00 - 22:00

Mercredi

12:00 - 22:00

Jeudi

12:00 - 22:00

Vendredi

12:00 - 14:00

Samedi

FermÃ©

Dimanche

11:30 - 22:00"	['Terrasse', 'Restauration']	"Happy HourStandardHeineken(50cl)
- 
8,20Â â‚¬
Affligem(50cl)
- 
9,50Â â‚¬
 PanachÃ©
(50cl)
- 
8,00Â â‚¬
 Mandala Ipa Bio
(33cl)
- 
6,50Â â‚¬

aaaaaaaaaaaaaaa 
4,00Â â‚¬

1,00Â â‚¬

aaaaaaaaaaaaaaaaaaaaa 
3,00Â â‚¬

2,00Â â‚¬

aaaaaaaaaaaaaa 
2,00Â â‚¬

7,00Â â‚¬

aaaaaaaaaaaaaaaaaaaaa 
4,00Â â‚¬

3,00Â â‚¬

aaaaaaaaaaaaaaaaaaaaa 
2,00Â â‚¬

6,00Â â‚¬

aaaaaaaaaaaaaaaa 
3,00Â â‚¬

5,00Â â‚¬

aaaaaaaaaaaaaaaa 
8,00Â â‚¬

1,00Â â‚¬

aaaaaaaaaaaa 
7,00Â â‚¬

8,00Â â‚¬

aaaaaaaaaaaaaaaaaaa 
7,00Â â‚¬

4,00Â â‚¬
Pour voir les horaires et les prix de toutes les boissons en happy hour, tÃ©lÃ©charge l'appli Schlouk Mapâ€¯
Scanner le QR CodeAppli gratuiteÂ Â Â·Â Â 4,8/5"	/fr/places/barricot
La Maison	"Ouverture
Lundi

17:30 - 02:00

Mardi

17:30 - 02:00

Mercredi

17:30 - 02:00

Jeudi

17:30 - 02:00

Vendredi

17:30 - 02:00

Samedi

17:30 - 03:00

Dimanche

17:30 - 00:00"	['Terrasse', 'Restauration', 'Concerts / Musique Live']	"Happy HourStandardKronenbourg(50cl)
4,00Â â‚¬

- Chouffe(50cl)
6,00Â â‚¬

- 
aaaaaaaaaaaaaaaaaaaaa 
7,00Â â‚¬

2,00Â â‚¬

aaaaaaaaaaaaaaaaaaa 
7,00Â â‚¬

1,00Â â‚¬

aaaaaaaaaaaaaaaa 
5,00Â â‚¬

7,00Â â‚¬

aaaaaaaaaaaaaa 
5,00Â â‚¬

6,00Â â‚¬

aaaaaaaaaaaaaaaaa 
2,00Â â‚¬

4,00Â â‚¬

aaaaaaaaaaaaaaaaaaa 
4,00Â â‚¬

4,00Â â‚¬

aaaaaaaaaaa 
1,00Â â‚¬

6,00Â â‚¬

aaaaaaaaaaaaaa 
3,00Â â‚¬

8,00Â â‚¬

aaaaaaaaaaaaaaaaa 
4,00Â â‚¬

8,00Â â‚¬

aaaaaaaaaaaaaaa 
8,00Â â‚¬

8,00Â â‚¬

aaaaaaaaaaaaaaa 
6,00Â â‚¬

4,00Â â‚¬
Pour voir les horaires et les prix de toutes les boissons en happy hour, tÃ©lÃ©charge l'appli Schlouk Mapâ€¯
Scanner le QR CodeAppli gratuiteÂ Â Â·Â Â 4,8/5"	/fr/places/la-maison-1
El Circo	"Ouverture
Lundi

FermÃ©

Mardi

FermÃ©

Mercredi

18:00 - 01:00

Jeudi

18:00 - 01:00

Vendredi

18:00 - 01:00

Samedi

18:00 - 01:00

Dimanche

18:00 - 00:00"	['Restauration', 'Concerts / Musique Live', 'DJ Mix']	"61 Rue PargaminiÃ¨res, 31000 Toulouse
 +33 5 32 58 88 41
 RÃ©server une table"	/fr/places/el-circo
Ã” Boudu Pont	"Ouverture
Lundi

15:00 - 02:00

Mardi

15:00 - 02:00

Mercredi

15:00 - 02:00

Jeudi

15:00 - 02:00

Vendredi

15:00 - 02:00

Samedi

15:00 - 03:00

Dimanche

15:00 - 02:00"	['Terrasse', 'Restauration']	"1 Rue de la RÃ©publique, 31300 Toulouse
 +33 9 53 88 49 60
 RÃ©server une table"	/fr/places/o-boudu-pont
Le Tchin	"Ouverture
Lundi

06:30 - 02:00

Mardi

06:30 - 02:00

Mercredi

06:30 - 02:00

Jeudi

06:30 - 02:00

Vendredi

06:30 - 02:00

Samedi

06:30 - 03:00

Dimanche

06:30 - 02:00"	['Terrasse', 'Restauration', 'Vente Ã  emporter', 'Wifi gratuit', 'Diffusion de matchs', 'ðŸŒ¬ Air climatisÃ©', 'AccÃ¨s & Toilettes HandicapÃ©s', 'Concerts / Musique Live', 'DJ Mix', 'Chiens acceptÃ©s']	"22 Rue Saint-Bernard, 31000 Toulouse
Transports
B
 Jeanne D'Arc +33 5 61 21 35 08
 RÃ©server une table"	/fr/places/le-tchin
The Botanist Pub	"Ouverture
Lundi

08:00 - 02:00

Mardi

08:00 - 02:00

Mercredi

08:00 - 02:00

Jeudi

08:00 - 02:00

Vendredi

08:00 - 02:00

Samedi

15:00 - 03:00

Dimanche

12:00 - 02:00"	['Terrasse', 'Restauration', 'Diffusion de matchs', 'ðŸŒ¬ Air climatisÃ©', 'FlÃ©chettes']	"Happy HourStandardMonaco(55cl)
4,60Â â‚¬

5,70Â â‚¬

Bibiche
(55cl)
4,60Â â‚¬

7,50Â â‚¬
 1664 Blanche
(55cl)
4,60Â â‚¬

6,70Â â‚¬
 La BÃªte
(55cl)
4,60Â â‚¬

7,40Â â‚¬

aaaaaaaaaaaaaa 
5,00Â â‚¬

8,00Â â‚¬

aaaaaaaaaaaaaaa 
8,00Â â‚¬

3,00Â â‚¬

aaaaaaaaaaaaaaaaaaaa 
4,00Â â‚¬

8,00Â â‚¬

aaaaaaaaaaaa 
7,00Â â‚¬

5,00Â â‚¬

aaaaaaaaaaaa 
8,00Â â‚¬

8,00Â â‚¬

aaaaaaaaaaaaaa 
3,00Â â‚¬

1,00Â â‚¬

aaaaaaaaaaaaaaaaaaaaa 
7,00Â â‚¬

2,00Â â‚¬

aaaaaaaaaaaaaaaaa 
3,00Â â‚¬

5,00Â â‚¬

aaaaaaaaaaa 
2,00Â â‚¬

6,00Â â‚¬
Pour voir les horaires et les prix de toutes les boissons en happy hour, tÃ©lÃ©charge l'appli Schlouk Mapâ€¯
Scanner le QR CodeAppli gratuiteÂ Â Â·Â Â 4,8/5"	/fr/places/the-botanist-pub
Le PÃ©ry	"Ouverture
Lundi

10:00 - 02:00

Mardi

10:00 - 02:00

Mercredi

10:00 - 02:00

Jeudi

10:00 - 02:00

Vendredi

10:00 - 02:00

Samedi

10:00 - 03:00

Dimanche

10:00 - 02:00"	['Terrasse', 'Restauration', 'Diffusion de matchs', 'Concerts / Musique Live']	"Happy HourStandard
CÃ©rÃ©alier
(50cl)
- 
6,50Â â‚¬

Premium Pils
(50cl)
- 
6,50Â â‚¬
 Pils
(50cl)
- 
6,50Â â‚¬
 Gallia Blanche
(50cl)
- 
7,90Â â‚¬

aaaaaaaaaaaaaa 
8,00Â â‚¬

2,00Â â‚¬

aaaaaaaaaaaaaaaaa 
4,00Â â‚¬

3,00Â â‚¬

aaaaaaaaaaaa 
6,00Â â‚¬

2,00Â â‚¬

aaaaaaaaaaa 
2,00Â â‚¬

1,00Â â‚¬

aaaaaaaaaaaa 
5,00Â â‚¬

1,00Â â‚¬

aaaaaaaaaaaaaaaaa 
5,00Â â‚¬

3,00Â â‚¬

aaaaaaaaaaaa 
3,00Â â‚¬

3,00Â â‚¬

aaaaaaaaaaaaaaaaaaaa 
1,00Â â‚¬

2,00Â â‚¬

aaaaaaaaaaaaaaaaaa 
5,00Â â‚¬

4,00Â â‚¬
Pour voir les horaires et les prix de toutes les boissons en happy hour, tÃ©lÃ©charge l'appli Schlouk Mapâ€¯
Scanner le QR CodeAppli gratuiteÂ Â Â·Â Â 4,8/5"	/fr/places/le-pery
Le Biergarten	"Ouverture
Lundi

17:00 - 02:00

Mardi

17:00 - 02:00

Mercredi

17:00 - 02:00

Jeudi

17:00 - 02:00

Vendredi

17:00 - 02:00

Samedi

17:00 - 02:00

Dimanche

17:00 - 02:00"	['Terrasse', 'Restauration', 'Diffusion de matchs', 'Concerts / Musique Live', 'DJ Mix']	"Happy HourStandard
Blonde De Monaco
(50cl)
- 
9,00Â â‚¬

Blanche De Monaco
(50cl)
- 
9,00Â â‚¬
 Pale Ale
(50cl)
- 
9,00Â â‚¬
 Wheat Beer
(50cl)
- 
9,00Â â‚¬

aaaaaaaaaaaa 
7,00Â â‚¬

4,00Â â‚¬

aaaaaaaaaaaaaaaaaaa 
5,00Â â‚¬

7,00Â â‚¬

aaaaaaaaaaaaaaa 
7,00Â â‚¬

2,00Â â‚¬

aaaaaaaaaaaaaaaaaa 
1,00Â â‚¬

8,00Â â‚¬

aaaaaaaaaaaaaaaaa 
4,00Â â‚¬

4,00Â â‚¬

aaaaaaaaaaaa 
3,00Â â‚¬

6,00Â â‚¬

aaaaaaaaaaa 
1,00Â â‚¬

4,00Â â‚¬

aaaaaaaaaaa 
1,00Â â‚¬

4,00Â â‚¬

aaaaaaaaaaaaaaa 
3,00Â â‚¬

5,00Â â‚¬
Pour voir les horaires et les prix de toutes les boissons en happy hour, tÃ©lÃ©charge l'appli Schlouk Mapâ€¯
Scanner le QR CodeAppli gratuiteÂ Â Â·Â Â 4,8/5"	/fr/places/le-biergarten
CafÃ© Oz	"Ouverture
Lundi

16:00 - 02:00

Mardi

16:00 - 02:00

Mercredi

16:00 - 02:00

Jeudi

16:00 - 02:00

Vendredi

16:00 - 02:00

Samedi

14:00 - 03:00

Dimanche

14:00 - 02:00"	['Terrasse', 'Restauration', 'Diffusion de matchs', 'Concerts / Musique Live', 'DJ Mix']	"Happy HourStandardFoster's(50cl)
5,00Â â‚¬

- Cocktail
7,50Â â‚¬

-  Ricard
(2cl)
- 
5,00Â â‚¬
 Jameson Black Barrel
(4cl)
- 
12,00Â â‚¬

aaaaaaaaaaaaaaaaa 
4,00Â â‚¬

8,00Â â‚¬

aaaaaaaaaaaaaa 
4,00Â â‚¬

7,00Â â‚¬

aaaaaaaaaaaaaaaaaaaaa 
5,00Â â‚¬

4,00Â â‚¬

aaaaaaaaaaaaaa 
2,00Â â‚¬

7,00Â â‚¬

aaaaaaaaaaaaaaa 
3,00Â â‚¬

1,00Â â‚¬

aaaaaaaaaaaaaaaaaa 
7,00Â â‚¬

6,00Â â‚¬

aaaaaaaaaaaaaaaaaaaaa 
5,00Â â‚¬

2,00Â â‚¬

aaaaaaaaaaaaaaaaaa 
7,00Â â‚¬

4,00Â â‚¬

aaaaaaaaaaaaa 
6,00Â â‚¬

1,00Â â‚¬
Pour voir les horaires et les prix de toutes les boissons en happy hour, tÃ©lÃ©charge l'appli Schlouk Mapâ€¯
Scanner le QR CodeAppli gratuiteÂ Â Â·Â Â 4,8/5"	/fr/places/cafe-oz-2
The Frog & Rosbif	"Ouverture
Lundi

17:00 - 00:00

Mardi

17:00 - 01:00

Mercredi

17:00 - 01:00

Jeudi

17:00 - 02:00

Vendredi

17:00 - 02:00

Samedi

17:00 - 03:00

Dimanche

17:00 - 00:00"	['Terrasse', 'Restauration', 'Vente Ã  emporter', 'Wifi gratuit', 'Diffusion de matchs', 'ðŸŒ¬ Air climatisÃ©', 'AccÃ¨s & Toilettes HandicapÃ©s', 'Concerts / Musique Live', 'DJ Mix', 'Chiens acceptÃ©s', 'Jeux de sociÃ©tÃ©']	"Happy HourStandardAutre biÃ¨re(50cl)
5,00Â â‚¬

7,50Â â‚¬

Beefeater
(4CL)
6,00Â â‚¬

8,50Â â‚¬
 Mai Thai
(verre)
8,50Â â‚¬

11,00Â â‚¬
 Ricard
(CL)
3,00Â â‚¬

3,00Â â‚¬

aaaaaaaaaaaaaaaaa 
3,00Â â‚¬

2,00Â â‚¬

aaaaaaaaaaaaaaaaaaa 
8,00Â â‚¬

1,00Â â‚¬

aaaaaaaaaaaaaaaaaaaaa 
1,00Â â‚¬

3,00Â â‚¬

aaaaaaaaaaaaaaaaaa 
6,00Â â‚¬

8,00Â â‚¬

aaaaaaaaaaaa 
1,00Â â‚¬

2,00Â â‚¬

aaaaaaaaaaaaaaa 
8,00Â â‚¬

5,00Â â‚¬

aaaaaaaaaaaaaaaaaaaa 
7,00Â â‚¬

2,00Â â‚¬

aaaaaaaaaaaaaa 
5,00Â â‚¬

4,00Â â‚¬

aaaaaaaaaaaaaaa 
7,00Â â‚¬

8,00Â â‚¬
Pour voir les horaires et les prix de toutes les boissons en happy hour, tÃ©lÃ©charge l'appli Schlouk Mapâ€¯
Scanner le QR CodeAppli gratuiteÂ Â Â·Â Â 4,8/5"	/fr/places/the-frog-rosbif-2
The Petit London	"Ouverture
Lundi

11:00 - 02:00

Mardi

11:00 - 02:00

Mercredi

11:00 - 02:00

Jeudi

11:00 - 02:00

Vendredi

11:00 - 02:00

Samedi

17:00 - 03:00

Dimanche

11:00 - 02:00"	['Terrasse', 'Restauration', 'Concerts / Musique Live']	"Happy HourStandardBiÃ¨re(50cl)
3,00Â â‚¬

- Pastis
1,50Â â‚¬

- 
aaaaaaaaaaaaaaaaaa 
5,00Â â‚¬

1,00Â â‚¬

aaaaaaaaaaaaaaaaa 
1,00Â â‚¬

7,00Â â‚¬

aaaaaaaaaaaaaaa 
1,00Â â‚¬

5,00Â â‚¬

aaaaaaaaaaaaaaaaaaaa 
4,00Â â‚¬

2,00Â â‚¬

aaaaaaaaaaaaaaaa 
4,00Â â‚¬

1,00Â â‚¬

aaaaaaaaaaaaaaaaaaaa 
2,00Â â‚¬

3,00Â â‚¬

aaaaaaaaaaaaaaaaa 
3,00Â â‚¬

2,00Â â‚¬

aaaaaaaaaaaaaaaaaa 
5,00Â â‚¬

8,00Â â‚¬

aaaaaaaaaaaaaaaa 
7,00Â â‚¬

3,00Â â‚¬

aaaaaaaaaaaaaaaaaaa 
2,00Â â‚¬

1,00Â â‚¬

aaaaaaaaaaaaaaaaaaaa 
7,00Â â‚¬

2,00Â â‚¬
Pour voir les horaires et les prix de toutes les boissons en happy hour, tÃ©lÃ©charge l'appli Schlouk Mapâ€¯
Scanner le QR CodeAppli gratuiteÂ Â Â·Â Â 4,8/5"	/fr/places/the-petit-london
The Danu	"Ouverture
Lundi

10:00 - 02:00

Mardi

10:00 - 02:00

Mercredi

10:00 - 02:00

Jeudi

10:00 - 02:00

Vendredi

10:00 - 02:00

Samedi

10:00 - 03:00

Dimanche

10:00 - 02:00"	['Terrasse', 'Restauration', 'Diffusion de matchs', 'Concerts / Musique Live', 'DJ Mix']	"Happy HourStandardCharlie Wells(50cl)
4,70Â â‚¬

- Charlie Wells IPA(50cl)
4,70Â â‚¬

- 
aaaaaaaaaaaaaaaaaa 
8,00Â â‚¬

3,00Â â‚¬

aaaaaaaaaaaaaaaa 
5,00Â â‚¬

6,00Â â‚¬

aaaaaaaaaaaaaa 
1,00Â â‚¬

7,00Â â‚¬

aaaaaaaaaaaaaaaaa 
3,00Â â‚¬

3,00Â â‚¬

aaaaaaaaaaaaaaaaaaaaa 
7,00Â â‚¬

4,00Â â‚¬

aaaaaaaaaaaaaaa 
1,00Â â‚¬

2,00Â â‚¬

aaaaaaaaaaaaaaaa 
2,00Â â‚¬

8,00Â â‚¬

aaaaaaaaaaaaaaaaaaaa 
4,00Â â‚¬

8,00Â â‚¬

aaaaaaaaaaaaaaaa 
4,00Â â‚¬

4,00Â â‚¬

aaaaaaaaaaaaaaaaaaaa 
1,00Â â‚¬

7,00Â â‚¬

aaaaaaaaaaaaaaaaa 
8,00Â â‚¬

7,00Â â‚¬
Pour voir les horaires et les prix de toutes les boissons en happy hour, tÃ©lÃ©charge l'appli Schlouk Mapâ€¯
Scanner le QR CodeAppli gratuiteÂ Â Â·Â Â 4,8/5"	/fr/places/the-danu
Snapper Rock	"Ouverture
Lundi

17:30 - 04:00

Mardi

17:30 - 04:00

Mercredi

17:30 - 04:00

Jeudi

17:30 - 04:00

Vendredi

17:30 - 04:00

Samedi

17:30 - 04:00

Dimanche

17:30 - 04:00"	['Terrasse', 'Restauration', 'Diffusion de matchs', 'Concerts / Musique Live', 'DJ Mix']	"Happy HourStandardBiÃ¨re(25cl)
3,00Â â‚¬

- BiÃ¨re(50cl)
5,00Â â‚¬

- 
aaaaaaaaaaaaa 
2,00Â â‚¬

3,00Â â‚¬

aaaaaaaaaaaaaaa 
1,00Â â‚¬

1,00Â â‚¬

aaaaaaaaaaaaaaaaa 
2,00Â â‚¬

8,00Â â‚¬

aaaaaaaaaaaa 
1,00Â â‚¬

7,00Â â‚¬

aaaaaaaaaaa 
5,00Â â‚¬

4,00Â â‚¬

aaaaaaaaaaa 
7,00Â â‚¬

4,00Â â‚¬

aaaaaaaaaaaaaaaaaaa 
8,00Â â‚¬

6,00Â â‚¬

aaaaaaaaaaaaaaaaaaaa 
2,00Â â‚¬

8,00Â â‚¬

aaaaaaaaaaaaa 
4,00Â â‚¬

1,00Â â‚¬

aaaaaaaaaaaaaaaaaaaa 
3,00Â â‚¬

1,00Â â‚¬

aaaaaaaaaaaaaa 
5,00Â â‚¬

2,00Â â‚¬
Pour voir les horaires et les prix de toutes les boissons en happy hour, tÃ©lÃ©charge l'appli Schlouk Mapâ€¯
Scanner le QR CodeAppli gratuiteÂ Â Â·Â Â 4,8/5"	/fr/places/snapper-rock
The Hopscotch	"Ouverture
Lundi

16:00 - 02:00

Mardi

16:00 - 02:00

Mercredi

16:00 - 02:00

Jeudi

16:00 - 02:00

Vendredi

16:00 - 02:00

Samedi

16:00 - 03:00

Dimanche

16:00 - 00:00"	['Terrasse', 'Restauration', 'Wifi gratuit', 'Diffusion de matchs', 'ðŸŒ¬ Air climatisÃ©', 'Concerts / Musique Live', 'DJ Mix', 'Chiens acceptÃ©s', 'Jeux de sociÃ©tÃ©']	"Happy HourStandardBrewdog(50cl)
4,50Â â‚¬

6,00Â â‚¬
BiÃ¨re(50cl)
4,50Â â‚¬

6,50Â â‚¬

aaaaaaaaaaaaaaaaaaaa 
6,00Â â‚¬

7,00Â â‚¬

aaaaaaaaaaaaaaaaaaaaa 
1,00Â â‚¬

5,00Â â‚¬

aaaaaaaaaaaaaaaaaaaa 
6,00Â â‚¬

7,00Â â‚¬

aaaaaaaaaaaaaaa 
4,00Â â‚¬

7,00Â â‚¬

aaaaaaaaaaaaaaa 
1,00Â â‚¬

8,00Â â‚¬

aaaaaaaaaaaa 
6,00Â â‚¬

4,00Â â‚¬

aaaaaaaaaaaaaaaaa 
7,00Â â‚¬

8,00Â â‚¬

aaaaaaaaaaaaaaaa 
6,00Â â‚¬

3,00Â â‚¬

aaaaaaaaaaaaaaaaa 
6,00Â â‚¬

7,00Â â‚¬

aaaaaaaaaaaaa 
2,00Â â‚¬

3,00Â â‚¬

aaaaaaaaaaaaaa 
7,00Â â‚¬

5,00Â â‚¬
Pour voir les horaires et les prix de toutes les boissons en happy hour, tÃ©lÃ©charge l'appli Schlouk Mapâ€¯
Scanner le QR CodeAppli gratuiteÂ Â Â·Â Â 4,8/5"	/fr/places/the-hopscotch
Le Bistrologue	"Ouverture
Lundi

17:00 - 00:00

Mardi

17:00 - 02:00

Mercredi

17:00 - 02:00

Jeudi

17:00 - 02:00

Vendredi

17:00 - 02:00

Samedi

17:00 - 03:00

Dimanche

17:00 - 00:00"	['Terrasse', 'Restauration', 'Concerts / Musique Live']	"Happy HourStandardRicard
- 
2,50Â â‚¬
Orangina
- 
3,50Â â‚¬"	/fr/places/le-bistrologue
1862 Artybar	"Ouverture
Lundi

FermÃ©

Mardi

FermÃ©

Mercredi

21:30 - 05:00

Jeudi

21:30 - 05:00

Vendredi

21:30 - 06:00

Samedi

21:30 - 06:00

Dimanche

FermÃ©"	['Concerts / Musique Live', 'DJ Mix']	"Happy HourStandardMÃ¨tre de shooters(JagerBomb)
10,00Â â‚¬

- Affligem(50cl)
3,00Â â‚¬

6,00Â â‚¬"	/fr/places/1862-artybar
Kraken Paradise	"Ouverture
Lundi

17:00 - 00:00

Mardi

17:00 - 00:00

Mercredi

17:00 - 00:00

Jeudi

17:00 - 00:00

Vendredi

17:00 - 02:00

Samedi

17:00 - 03:00

Dimanche

17:00 - 00:00"	['Terrasse', 'Restauration', 'Concerts / Musique Live', 'DJ Mix', 'Chiens acceptÃ©s', 'Jeux de sociÃ©tÃ©']	"Happy HourStandardBiÃ¨re(50cl)
3,00Â â‚¬

- Picon(50cl)
4,00Â â‚¬

-"	/fr/places/kraken-paradise
MAD (Meet and Drink)	"Ouverture
Lundi

17:00 - 02:00

Mardi

17:00 - 02:00

Mercredi

17:00 - 02:00

Jeudi

17:00 - 02:00

Vendredi

17:00 - 03:00

Samedi

17:00 - 03:00

Dimanche

17:00 - 02:00"	['Terrasse', 'Restauration', 'Diffusion de matchs', 'AccÃ¨s & Toilettes HandicapÃ©s', 'FlÃ©chettes', 'Baby-Foot', 'Concerts / Musique Live', 'DJ Mix', 'Chiens acceptÃ©s', 'Jeux de sociÃ©tÃ©']	"Happy HourStandardKrombacher(50cl)
3,00Â â‚¬

5,00Â â‚¬"	/fr/places/mad-meet-and-drink
Le Delicatessen	"Ouverture
Lundi

17:00 - 02:00

Mardi

17:00 - 02:00

Mercredi

17:00 - 02:00

Jeudi

17:00 - 02:00

Vendredi

17:00 - 02:00

Samedi

18:00 - 03:00

Dimanche

17:00 - 02:00"	['Restauration']	"Happy HourStandardBiÃ¨re(50cl)
5,50Â â‚¬

-"	/fr/places/le-delicatessen
Bar Martini Club	"Ouverture
Lundi

18:00 - 02:00

Mardi

18:00 - 02:00

Mercredi

18:00 - 02:00

Jeudi

18:00 - 02:00

Vendredi

18:00 - 02:00

Samedi

18:00 - 02:00

Dimanche

18:00 - 02:00"	['Restauration']	"Happy HourStandardVerre de vin(17cl)
2,50Â â‚¬

-"	/fr/places/bar-martini-club
Borriquito Loco	"Ouverture
Lundi

20:00 - 02:00

Mardi

20:00 - 02:00

Mercredi

20:00 - 02:00

Jeudi

19:00 - 02:00

Vendredi

20:00 - 02:00

Samedi

20:00 - 03:00

Dimanche

FermÃ©"	['Restauration', 'Concerts / Musique Live', 'DJ Mix']	"Happy HourStandardSoft
2,00Â â‚¬

-"	/fr/places/borriquito-loco
L'Autruche	"Ouverture
Lundi

17:00 - 02:00

Mardi

17:00 - 02:00

Mercredi

17:00 - 02:00

Jeudi

17:00 - 02:00

Vendredi

17:00 - 02:00

Samedi

17:00 - 03:00

Dimanche

FermÃ©"	['Restauration', 'Concerts / Musique Live']	"1 Rue AndrÃ© Mercadier, 31000 Toulouse
 +33 5 81 34 37 62
 RÃ©server une table"	/fr/places/lautruche
Sauvage Social Pub	"Ouverture
Lundi

02:00 - 00:00

Mardi

02:00 - 00:00

Mercredi

02:00 - 00:00

Jeudi

02:00 - 00:00

Vendredi

02:00 - 00:00

Samedi

02:00 - 00:00

Dimanche

02:00 - 00:00"	['Terrasse', 'Restauration', 'Diffusion de matchs', 'AccÃ¨s & Toilettes HandicapÃ©s', 'FlÃ©chettes', 'Jeux de sociÃ©tÃ©']	"11 Place Etienne Esquirol, 31000 Toulouse
Transports
A
 Esquirol
B
 Carmes"	/fr/places/sauvage-social-pub
Beer Mosaic	"Ouverture
Lundi

15:00 - 23:00

Mardi

15:00 - 23:00

Mercredi

15:00 - 23:00

Jeudi

15:00 - 23:00

Vendredi

15:00 - 23:00

Samedi

15:00 - 23:00

Dimanche

FermÃ©"	['Terrasse', 'Restauration', 'Vente Ã  emporter', 'AccÃ¨s & Toilettes HandicapÃ©s', 'Chiens acceptÃ©s']	"7bis Rue Pierre-Paul Riquet, 31000 Toulouse
Transports
B
 FranÃ§ois Verdier +33 9 82 48 70 29
 RÃ©server une table"	/fr/places/beer-mosaic
L'Almanach Bistrot	"Ouverture
Lundi

FermÃ©

Mardi

17:30 - 02:00

Mercredi

17:30 - 02:00

Jeudi

17:30 - 02:00

Vendredi

17:30 - 02:00

Samedi

18:30 - 03:00

Dimanche

FermÃ©"	['Terrasse', 'Restauration']	"53 Rue de la RÃ©publique, 31300 Toulouse
 +33 9 83 87 52 70
 RÃ©server une table"	/fr/places/lalmanach-bistrot
Le Saint des Seins	"Ouverture
Lundi

17:00 - 01:45

Mardi

17:00 - 01:45

Mercredi

17:00 - 01:45

Jeudi

17:00 - 01:45

Vendredi

17:00 - 01:45

Samedi

16:00 - 00:00

Dimanche

FermÃ©"	['Terrasse', 'Diffusion de matchs', 'Concerts / Musique Live', 'DJ Mix']	"5 Place Saint-Pierre, 31000 Toulouse
 +33 5 61 22 11 39
 RÃ©server une table"	/fr/places/le-saint-des-seins
La Tireuse	"Ouverture
Lundi

17:00 - 02:00

Mardi

17:00 - 02:00

Mercredi

17:00 - 02:00

Jeudi

17:00 - 02:00

Vendredi

17:00 - 02:00

Samedi

17:00 - 03:00

Dimanche

17:00 - 02:00"	['Restauration', 'Vente Ã  emporter', 'Wifi gratuit', 'Diffusion de matchs', 'ðŸŒ¬ Air climatisÃ©', 'Concerts / Musique Live', 'DJ Mix', 'Jeux de sociÃ©tÃ©']	"24 Rue PargaminiÃ¨res, 31000 Toulouse
 +33 5 61 12 28 29
 RÃ©server une table"	/fr/places/la-tireuse
The London Town	"Ouverture
Lundi

16:00 - 01:50

Mardi

16:00 - 01:50

Mercredi

16:00 - 01:50

Jeudi

16:00 - 01:50

Vendredi

16:00 - 01:50

Samedi

15:00 - 02:50

Dimanche

15:00 - 00:50"	['Terrasse', 'Restauration', 'Diffusion de matchs']	"14 Rue des PrÃªtres, 31000 Toulouse
Transports
B
 Carmes +33 5 62 26 53 10
 RÃ©server une table"	/fr/places/the-london-town
La Tantina De Burgos	"Ouverture
Lundi

FermÃ©

Mardi

20:00 - 02:00

Mercredi

19:00 - 02:00

Jeudi

20:00 - 02:00

Vendredi

20:00 - 02:00

Samedi

20:00 - 03:00

Dimanche

FermÃ©"	['Terrasse', 'Restauration', 'Concerts / Musique Live']	"27 Avenue de la Garonnette, 31000 Toulouse
 +33 5 61 55 59 29
 RÃ©server une table"	/fr/places/la-tantina-de-burgos
Rooster & Beer	"Ouverture
Lundi

FermÃ©

Mardi

18:00 - 01:00

Mercredi

18:00 - 01:00

Jeudi

18:00 - 02:00

Vendredi

18:00 - 02:00

Samedi

18:00 - 03:00

Dimanche

FermÃ©"	['Terrasse', 'Restauration', 'Diffusion de matchs', 'AccÃ¨s & Toilettes HandicapÃ©s', 'Concerts / Musique Live', 'Chiens acceptÃ©s']	"100 Rue Riquet, 31000 Toulouse
Transports
A
 Marengo-Sncf +33 7 68 25 18 30
 RÃ©server une table"	/fr/places/rooster-beer
CacahuÃ¨te	"Ouverture
Lundi

08:00 - 02:00

Mardi

08:00 - 02:00

Mercredi

08:00 - 02:00

Jeudi

08:00 - 02:00

Vendredi

08:00 - 02:00

Samedi

09:00 - 02:00

Dimanche

09:00 - 02:00"	['Terrasse', 'Restauration', 'Concerts / Musique Live', 'DJ Mix']	"Happy HourStandard
Caporal Blonde De Soif
(50cl)
- 
5,80Â â‚¬

Caporal Blanche De France
(50cl)
- 
7,40Â â‚¬
 Chouffe
(50cl)
- 
7,80Â â‚¬
 Ipa Vedett
(50cl)
- 
5,80Â â‚¬

aaaaaaaaaaaaa 
2,00Â â‚¬

4,00Â â‚¬

aaaaaaaaaaaaaaaaaaaaa 
8,00Â â‚¬

7,00Â â‚¬

aaaaaaaaaaaaaaaaaaaa 
8,00Â â‚¬

1,00Â â‚¬

aaaaaaaaaaaaa 
2,00Â â‚¬

8,00Â â‚¬

aaaaaaaaaaaa 
8,00Â â‚¬

6,00Â â‚¬

aaaaaaaaaaaaaaaa 
4,00Â â‚¬

7,00Â â‚¬

aaaaaaaaaaa 
3,00Â â‚¬

6,00Â â‚¬

aaaaaaaaaaa 
7,00Â â‚¬

1,00Â â‚¬

aaaaaaaaaaa 
3,00Â â‚¬

4,00Â â‚¬
Pour voir les horaires et les prix de toutes les boissons en happy hour, tÃ©lÃ©charge l'appli Schlouk Mapâ€¯
Scanner le QR CodeAppli gratuiteÂ Â Â·Â Â 4,8/5"	/fr/places/cacahuete
Au FÃ»t et Ã  Mesure	"Ouverture
Lundi

17:00 - 02:00

Mardi

17:00 - 02:00

Mercredi

17:00 - 02:00

Jeudi

17:00 - 02:00

Vendredi

17:00 - 02:00

Samedi

17:00 - 03:00

Dimanche

17:00 - 01:00"	['Terrasse', 'Restauration', 'Diffusion de matchs', 'Concerts / Musique Live']	"Happy HourStandardBiÃ¨re(25cl)
3,00Â â‚¬

- BiÃ¨re(50cl)
6,00Â â‚¬

-  Kwak

- 
5,50Â â‚¬
 Ricard

- 
3,50Â â‚¬

aaaaaaaaaaaaa 
8,00Â â‚¬

2,00Â â‚¬

aaaaaaaaaaaaaaaaa 
4,00Â â‚¬

4,00Â â‚¬

aaaaaaaaaaaaaaa 
2,00Â â‚¬

7,00Â â‚¬

aaaaaaaaaaaaaa 
5,00Â â‚¬

4,00Â â‚¬

aaaaaaaaaaaaaaaaaaa 
2,00Â â‚¬

2,00Â â‚¬

aaaaaaaaaaaaaaaaa 
4,00Â â‚¬

6,00Â â‚¬

aaaaaaaaaaaaaaa 
5,00Â â‚¬

7,00Â â‚¬

aaaaaaaaaaaa 
2,00Â â‚¬

7,00Â â‚¬

aaaaaaaaaaaaa 
7,00Â â‚¬

4,00Â â‚¬
Pour voir les horaires et les prix de toutes les boissons en happy hour, tÃ©lÃ©charge l'appli Schlouk Mapâ€¯
Scanner le QR CodeAppli gratuiteÂ Â Â·Â Â 4,8/5"	/fr/places/au-fut-et-a-mesure-7
CafÃ© Populaire	"Ouverture
Lundi

12:00 - 02:00

Mardi

12:00 - 02:00

Mercredi

12:00 - 02:00

Jeudi

12:00 - 02:00

Vendredi

12:00 - 02:00

Samedi

15:00 - 03:00

Dimanche

17:00 - 02:00"	['Diffusion de matchs', 'ðŸŒ¬ Air climatisÃ©', 'Concerts / Musique Live', 'DJ Mix']	"Happy HourStandardStella Artois(50cl)
- 
4,20Â â‚¬
Picon(50cl)
- 
5,00Â â‚¬
 Leffe
(50cl)
- 
6,00Â â‚¬
 Ricard

- 
2,00Â â‚¬

aaaaaaaaaaaaaa 
4,00Â â‚¬

6,00Â â‚¬

aaaaaaaaaaaaaa 
2,00Â â‚¬

3,00Â â‚¬

aaaaaaaaaaaaaaaaa 
6,00Â â‚¬

6,00Â â‚¬

aaaaaaaaaaaaaaaaaaaa 
6,00Â â‚¬

8,00Â â‚¬

aaaaaaaaaaaaaaaaaa 
6,00Â â‚¬

7,00Â â‚¬

aaaaaaaaaaa 
6,00Â â‚¬

4,00Â â‚¬

aaaaaaaaaaaaa 
5,00Â â‚¬

1,00Â â‚¬

aaaaaaaaaaaaaaaaaa 
6,00Â â‚¬

4,00Â â‚¬

aaaaaaaaaaaaaaaaaaaaa 
4,00Â â‚¬

8,00Â â‚¬
Pour voir les horaires et les prix de toutes les boissons en happy hour, tÃ©lÃ©charge l'appli Schlouk Mapâ€¯
Scanner le QR CodeAppli gratuiteÂ Â Â·Â Â 4,8/5"	/fr/places/cafe-populaire
The Tower of London	"Ouverture
Lundi

17:00 - 00:00

Mardi

17:00 - 00:00

Mercredi

17:00 - 02:00

Jeudi

17:00 - 02:00

Vendredi

17:00 - 02:00

Samedi

15:00 - 03:00

Dimanche

15:00 - 00:00"	['Terrasse', 'Diffusion de matchs', 'FlÃ©chettes']	"Happy HourStandardCharlie Wells(50cl)
5,20Â â‚¬

- Bombardier(50cl)
5,50Â â‚¬

- 
aaaaaaaaaaaaaaaaaaaa 
4,00Â â‚¬

3,00Â â‚¬

aaaaaaaaaaa 
4,00Â â‚¬

6,00Â â‚¬

aaaaaaaaaaa 
1,00Â â‚¬

7,00Â â‚¬

aaaaaaaaaaaa 
1,00Â â‚¬

2,00Â â‚¬

aaaaaaaaaaa 
4,00Â â‚¬

5,00Â â‚¬

aaaaaaaaaaaaaaaaaa 
3,00Â â‚¬

1,00Â â‚¬

aaaaaaaaaaaaaa 
7,00Â â‚¬

6,00Â â‚¬

aaaaaaaaaaaaaaaaaaaa 
2,00Â â‚¬

2,00Â â‚¬

aaaaaaaaaaaaaaaaaaaa 
2,00Â â‚¬

6,00Â â‚¬

aaaaaaaaaaa 
2,00Â â‚¬

1,00Â â‚¬

aaaaaaaaaaa 
3,00Â â‚¬

8,00Â â‚¬
Pour voir les horaires et les prix de toutes les boissons en happy hour, tÃ©lÃ©charge l'appli Schlouk Mapâ€¯
Scanner le QR CodeAppli gratuiteÂ Â Â·Â Â 4,8/5"	/fr/places/the-tower-of-london
La Cale SÃ¨che	"Ouverture
Lundi

18:00 - 02:00

Mardi

18:00 - 02:00

Mercredi

18:00 - 02:00

Jeudi

18:00 - 02:00

Vendredi

18:00 - 02:00

Samedi

18:00 - 03:00

Dimanche

FermÃ©"	['Terrasse', 'Concerts / Musique Live']	"Happy HourStandardBouteille de planteur(2cl)
15,00Â â‚¬

- BiÃ¨re(50cl)
5,00Â â‚¬

- 
aaaaaaaaaaaaaaaa 
6,00Â â‚¬

2,00Â â‚¬

aaaaaaaaaaaaaa 
2,00Â â‚¬

6,00Â â‚¬

aaaaaaaaaaa 
6,00Â â‚¬

7,00Â â‚¬

aaaaaaaaaaaaaaaa 
4,00Â â‚¬

4,00Â â‚¬

aaaaaaaaaaa 
6,00Â â‚¬

2,00Â â‚¬

aaaaaaaaaaaaaaaaaaa 
3,00Â â‚¬

2,00Â â‚¬

aaaaaaaaaaaaa 
1,00Â â‚¬

5,00Â â‚¬

aaaaaaaaaaaa 
4,00Â â‚¬

1,00Â â‚¬

aaaaaaaaaaaaaaa 
7,00Â â‚¬

5,00Â â‚¬

aaaaaaaaaaaaa 
5,00Â â‚¬

6,00Â â‚¬

aaaaaaaaaaa 
4,00Â â‚¬

6,00Â â‚¬
Pour voir les horaires et les prix de toutes les boissons en happy hour, tÃ©lÃ©charge l'appli Schlouk Mapâ€¯
Scanner le QR CodeAppli gratuiteÂ Â Â·Â Â 4,8/5"	/fr/places/la-cale-seche
G-Bar	"Ouverture
Lundi

FermÃ©

Mardi

20:00 - 02:00

Mercredi

20:00 - 02:00

Jeudi

20:00 - 02:00

Vendredi

20:00 - 02:00

Samedi

20:00 - 03:00

Dimanche

FermÃ©"	['Terrasse', 'Restauration', 'Concerts / Musique Live']	"Happy HourStandardBiÃ¨re(50cl)
5,00Â â‚¬

- Cocktail
5,00Â â‚¬

-"	/fr/places/g-bar
Au PoÃªle de la BÃªte	"Ouverture
Lundi

08:00 - 02:00

Mardi

08:00 - 02:00

Mercredi

08:00 - 02:00

Jeudi

08:00 - 02:00

Vendredi

08:00 - 02:00

Samedi

18:00 - 03:00

Dimanche

FermÃ©"	['Terrasse', 'Restauration']	"Happy HourStandardVerre de vin(17cl)
2,00Â â‚¬

- Soft
2,00Â â‚¬

-"	/fr/places/au-poele-de-la-bete
L'Evasion	"Ouverture
Lundi

10:30 - 02:00

Mardi

10:30 - 02:00

Mercredi

10:30 - 02:00

Jeudi

10:30 - 02:00

Vendredi

10:30 - 02:00

Samedi

16:00 - 03:00

Dimanche

FermÃ©"	['Restauration', 'Diffusion de matchs']	"Happy HourStandardStella Artois(50cl)
3,50Â â‚¬

- BiÃ¨re spÃ©ciale(50cl)
5,00Â â‚¬

-"	/fr/places/levasion
Le Comptoir	"Ouverture
Lundi

FermÃ©

Mardi

17:30 - 01:00

Mercredi

17:30 - 01:00

Jeudi

17:30 - 02:00

Vendredi

17:30 - 02:00

Samedi

FermÃ©

Dimanche

FermÃ©"	['Terrasse', 'Restauration', 'Diffusion de matchs', 'AccÃ¨s & Toilettes HandicapÃ©s', 'Concerts / Musique Live']	"Happy HourStandardLicorne(50cl)
- 
7,00Â â‚¬"	/fr/places/le-comptoir-2
Le Bibent	"Ouverture
Lundi

09:00 - 22:30

Mardi

09:00 - 22:30

Mercredi

09:00 - 22:30

Jeudi

09:00 - 22:30

Vendredi

09:00 - 22:30

Samedi

09:00 - 22:30

Dimanche

09:00 - 22:30"	['Terrasse', 'Restauration']	5 Place du Capitole, 31000 Toulouse	/fr/places/le-bibent
El Chivito	"Ouverture
Lundi

FermÃ©

Mardi

18:00 - 01:00

Mercredi

18:00 - 01:30

Jeudi

16:00 - 01:30

Vendredi

16:00 - 01:30

Samedi

15:00 - 02:30

Dimanche

FermÃ©"	['Terrasse', 'Restauration']	"15 Rue des Blanchers, 31000 Toulouse
 +33 5 67 33 77 48
 RÃ©server une table"	/fr/places/el-chivito
Mucho	"Ouverture
Lundi

FermÃ©

Mardi

09:00 - 02:00

Mercredi

09:00 - 02:00

Jeudi

09:00 - 02:00

Vendredi

09:00 - 02:00

Samedi

09:00 - 03:00

Dimanche

FermÃ©"	['Terrasse', 'Restauration', 'Wifi gratuit', 'Diffusion de matchs', 'ðŸŒ¬ Air climatisÃ©']	"9 Place du Pont Neuf, 31000 Toulouse
 +33 5 61 21 66 28
 RÃ©server une table"	/fr/places/mucho
Dubliners	"Ouverture
Lundi

17:00 - 01:00

Mardi

17:00 - 02:00

Mercredi

17:00 - 02:00

Jeudi

17:00 - 02:00

Vendredi

17:00 - 02:00

Samedi

18:00 - 01:00

Dimanche

FermÃ©"	['Terrasse', 'Restauration', 'Diffusion de matchs', 'FlÃ©chettes', 'Concerts / Musique Live']	"46 Avenue Marcel Langer, 31400 Toulouse
 +33 5 61 14 23 16
 RÃ©server une table"	/fr/places/dubliners
Moloko	"Ouverture
Lundi

18:00 - 02:00

Mardi

18:00 - 02:00

Mercredi

18:00 - 02:00

Jeudi

18:00 - 02:00

Vendredi

18:00 - 02:00

Samedi

18:00 - 03:00

Dimanche

FermÃ©"	['Concerts / Musique Live', 'DJ Mix']	"6 Rue Joutx Aigues, 31000 Toulouse
Transports
B
 Carmes"	/fr/places/moloko
Taparcero	"Ouverture
Lundi

FermÃ©

Mardi

16:00 - 22:00

Mercredi

16:00 - 22:00

Jeudi

16:00 - 22:00

Vendredi

16:00 - 22:00

Samedi

16:00 - 22:00

Dimanche

FermÃ©"	['Restauration', 'Vente Ã  emporter', 'Wifi gratuit', 'Chiens acceptÃ©s']	"Happy HourStandardGin Tonic(Verre)
6,00Â â‚¬

8,00Â â‚¬
Sangria(50 cl)
4,00Â â‚¬

5,00Â â‚¬
 BiÃ¨re blonde
(50 cl)
3,00Â â‚¬

5,00Â â‚¬
 Coca-Cola
(33cl)
- 
2,50Â â‚¬

aaaaaaaaaaaa 
7,00Â â‚¬

3,00Â â‚¬

aaaaaaaaaaaaaaaaaaaaa 
3,00Â â‚¬

4,00Â â‚¬

aaaaaaaaaaaaaaaaaa 
4,00Â â‚¬

6,00Â â‚¬

aaaaaaaaaaaaa 
3,00Â â‚¬

3,00Â â‚¬

aaaaaaaaaaa 
2,00Â â‚¬

6,00Â â‚¬

aaaaaaaaaaaaaa 
7,00Â â‚¬

5,00Â â‚¬

aaaaaaaaaaaaaa 
2,00Â â‚¬

1,00Â â‚¬

aaaaaaaaaaaaaaaaaa 
3,00Â â‚¬

8,00Â â‚¬

aaaaaaaaaaaa 
6,00Â â‚¬

8,00Â â‚¬
Pour voir les horaires et les prix de toutes les boissons en happy hour, tÃ©lÃ©charge l'appli Schlouk Mapâ€¯
Scanner le QR CodeAppli gratuiteÂ Â Â·Â Â 4,8/5"	/fr/places/taparcero
Chez Tonton	"Ouverture
Lundi

07:00 - 02:00

Mardi

07:00 - 02:00

Mercredi

07:00 - 02:00

Jeudi

07:00 - 02:00

Vendredi

07:00 - 02:00

Samedi

09:00 - 03:00

Dimanche

11:00 - 02:00"	['Terrasse', 'Restauration', 'Diffusion de matchs', 'ðŸŒ¬ Air climatisÃ©', 'Concerts / Musique Live', 'DJ Mix']	"Happy HourStandardPastis(25cl)
1,00Â â‚¬

2,00Â â‚¬
Kronenbourg(25cl)
1,30Â â‚¬

3,00Â â‚¬
 Sirop
(50cl)
2,00Â â‚¬

3,00Â â‚¬
 Soda
(50cl)
2,50Â â‚¬

3,50Â â‚¬

aaaaaaaaaaaaaaaaa 
3,00Â â‚¬

6,00Â â‚¬

aaaaaaaaaaaaaaaaaaa 
1,00Â â‚¬

2,00Â â‚¬

aaaaaaaaaaaaa 
1,00Â â‚¬

2,00Â â‚¬

aaaaaaaaaaaaaa 
7,00Â â‚¬

1,00Â â‚¬

aaaaaaaaaaaaaaaaaaaaa 
3,00Â â‚¬

6,00Â â‚¬

aaaaaaaaaaaaaaaaa 
7,00Â â‚¬

8,00Â â‚¬

aaaaaaaaaaaaaaaaaaaaa 
3,00Â â‚¬

6,00Â â‚¬

aaaaaaaaaaaaaaaaaaaaa 
3,00Â â‚¬

3,00Â â‚¬

aaaaaaaaaaaaaaaaaaaa 
6,00Â â‚¬

3,00Â â‚¬
Pour voir les horaires et les prix de toutes les boissons en happy hour, tÃ©lÃ©charge l'appli Schlouk Mapâ€¯
Scanner le QR CodeAppli gratuiteÂ Â Â·Â Â 4,8/5"	/fr/places/chez-tonton
Wanted Jack Saloon	"Ouverture
Lundi

FermÃ©

Mardi

17:00 - 02:00

Mercredi

17:00 - 02:00

Jeudi

17:00 - 02:00

Vendredi

17:00 - 02:00

Samedi

17:00 - 03:00

Dimanche

FermÃ©"	['Terrasse', 'Restauration', 'Wifi gratuit', 'ðŸŒ¬ Air climatisÃ©', 'AccÃ¨s & Toilettes HandicapÃ©s', 'FlÃ©chettes', 'Concerts / Musique Live', 'DJ Mix']	"Happy HourStandardBiÃ¨re(50cl)
4,00Â â‚¬

7,00Â â‚¬
Cocktail(le verre)
6,00Â â‚¬

8,50Â â‚¬
 Bouteille de shooter
(La bouteille)
25,00Â â‚¬

30,00Â â‚¬
 Soft
(Le verre)
2,00Â â‚¬

3,00Â â‚¬

aaaaaaaaaaaaaaaaaa 
8,00Â â‚¬

2,00Â â‚¬

aaaaaaaaaaa 
1,00Â â‚¬

2,00Â â‚¬

aaaaaaaaaaaaaaa 
3,00Â â‚¬

4,00Â â‚¬

aaaaaaaaaaaaaaa 
1,00Â â‚¬

5,00Â â‚¬

aaaaaaaaaaaaaaaaaaaa 
4,00Â â‚¬

1,00Â â‚¬

aaaaaaaaaaaaaaaaaaa 
7,00Â â‚¬

7,00Â â‚¬

aaaaaaaaaaaaaaaaaaa 
4,00Â â‚¬

7,00Â â‚¬

aaaaaaaaaaa 
4,00Â â‚¬

2,00Â â‚¬

aaaaaaaaaaaaaaaaaaa 
8,00Â â‚¬

7,00Â â‚¬
Pour voir les horaires et les prix de toutes les boissons en happy hour, tÃ©lÃ©charge l'appli Schlouk Mapâ€¯
Scanner le QR CodeAppli gratuiteÂ Â Â·Â Â 4,8/5"	/fr/places/wanted-jack-saloon
Le Petit Voisin	"Ouverture
Lundi

07:00 - 02:00

Mardi

07:00 - 02:00

Mercredi

07:00 - 02:00

Jeudi

07:00 - 02:00

Vendredi

07:00 - 02:00

Samedi

07:00 - 03:00

Dimanche

FermÃ©"	['Terrasse', 'Vente Ã  emporter', 'Wifi gratuit', 'Diffusion de matchs', 'Baby-Foot', 'Flipper', 'Jeux de sociÃ©tÃ©']	"Happy HourStandardKronenbourg(50cl)
3,00Â â‚¬

4,00Â â‚¬
Ricard(3cl)
1,00Â â‚¬

- 
aaaaaaaaaaaaaaaaaaa 
1,00Â â‚¬

7,00Â â‚¬

aaaaaaaaaaaaaaa 
8,00Â â‚¬

6,00Â â‚¬

aaaaaaaaaaaaaaaaaaaaa 
6,00Â â‚¬

1,00Â â‚¬

aaaaaaaaaaaaaaaa 
2,00Â â‚¬

4,00Â â‚¬

aaaaaaaaaaaaaaa 
1,00Â â‚¬

7,00Â â‚¬

aaaaaaaaaaaaaaaaaa 
5,00Â â‚¬

6,00Â â‚¬

aaaaaaaaaaaaaaaaa 
2,00Â â‚¬

2,00Â â‚¬

aaaaaaaaaaaaaaaaa 
2,00Â â‚¬

4,00Â â‚¬

aaaaaaaaaaaaaaaaaaaa 
1,00Â â‚¬

7,00Â â‚¬

aaaaaaaaaaaaaaaaaaa 
8,00Â â‚¬

1,00Â â‚¬

aaaaaaaaaaaaaaaa 
2,00Â â‚¬

7,00Â â‚¬
Pour voir les horaires et les prix de toutes les boissons en happy hour, tÃ©lÃ©charge l'appli Schlouk Mapâ€¯
Scanner le QR CodeAppli gratuiteÂ Â Â·Â Â 4,8/5"	/fr/places/le-petit-voisin
La Goulue	"Ouverture
Lundi

09:00 - 15:00

Mardi

08:00 - 00:00

Mercredi

08:00 - 00:00

Jeudi

08:00 - 00:00

Vendredi

08:00 - 00:00

Samedi

10:00 - 00:00

Dimanche

FermÃ©"	['Terrasse', 'Restauration']	"Happy HourStandard1664 Blonde(50cl)
4,00Â â‚¬

-"	/fr/places/la-goulue
Smoking Barrel	"Ouverture
Lundi

17:30 - 02:00

Mardi

17:30 - 02:00

Mercredi

17:30 - 02:00

Jeudi

17:30 - 02:00

Vendredi

17:30 - 02:00

Samedi

17:30 - 03:00

Dimanche

17:30 - 02:00"	['Terrasse', 'Restauration']	"5 Pl. Jean Diebold, 31300 Toulouse
 +33 5 34 63 12 17
 RÃ©server une table"	/fr/places/smoking-barrel
Le BiÃ¨rographe	"Ouverture
Lundi

17:30 - 00:00

Mardi

17:30 - 00:00

Mercredi

17:30 - 00:00  17:30 - 02:00

Jeudi

17:30 - 02:00

Vendredi

17:30 - 02:00

Samedi

16:30 - 02:30

Dimanche

FermÃ©"	['Restauration', 'Diffusion de matchs', 'Concerts / Musique Live', 'DJ Mix']	"12 Rue des Paradoux, 31000 Toulouse
Transports
B
 Carmes +33 7 66 27 20 08
 RÃ©server une table"	/fr/places/le-bierographe
L Episode	"Ouverture
Lundi

FermÃ©

Mardi

16:00 - 02:00

Mercredi

16:00 - 02:00

Jeudi

16:00 - 02:00

Vendredi

16:00 - 02:00

Samedi

14:00 - 03:00

Dimanche

FermÃ©"	['Restauration']	"3 Rue des Blanchers, 31000 Toulouse
 +33 5 61 21 34 02
 RÃ©server une table"	/fr/places/l-episode
The Four Monkeys	"Ouverture
Lundi

16:30 - 02:00

Mardi

16:30 - 02:00

Mercredi

16:30 - 02:00

Jeudi

16:30 - 02:00

Vendredi

16:30 - 02:00

Samedi

16:30 - 03:00

Dimanche

16:30 - 02:00"	['Terrasse', 'Restauration', 'Diffusion de matchs', 'Concerts / Musique Live']	"Happy HourStandardKronenbourg(50cl)
- 
5,40Â â‚¬
Carlsberg(50cl)
- 
6,40Â â‚¬
 Grimbergen Blonde
(50cl)
- 
7,20Â â‚¬
 Grimbergen AmbrÃ©e
(50cl)
- 
7,20Â â‚¬

aaaaaaaaaaa 
7,00Â â‚¬

7,00Â â‚¬

aaaaaaaaaaaa 
4,00Â â‚¬

6,00Â â‚¬

aaaaaaaaaaaaaaaaaaaa 
1,00Â â‚¬

4,00Â â‚¬

aaaaaaaaaaaaaaaaaaaa 
3,00Â â‚¬

5,00Â â‚¬

aaaaaaaaaaaaaaaaaaa 
6,00Â â‚¬

8,00Â â‚¬

aaaaaaaaaaaaa 
3,00Â â‚¬

2,00Â â‚¬

aaaaaaaaaaa 
1,00Â â‚¬

6,00Â â‚¬

aaaaaaaaaaaaaaaaaaa 
2,00Â â‚¬

8,00Â â‚¬

aaaaaaaaaaa 
4,00Â â‚¬

1,00Â â‚¬
Pour voir les horaires et les prix de toutes les boissons en happy hour, tÃ©lÃ©charge l'appli Schlouk Mapâ€¯
Scanner le QR CodeAppli gratuiteÂ Â Â·Â Â 4,8/5"	/fr/places/the-four-monkeys
Le Biergarten Toulouse	"Ouverture
Lundi

17:00 - 01:00

Mardi

17:00 - 02:00

Mercredi

17:00 - 02:00

Jeudi

17:00 - 02:00

Vendredi

17:00 - 02:00

Samedi

17:00 - 02:00

Dimanche

17:00 - 00:00"	['Terrasse', 'Restauration']	"Happy HourStandard
Oktoberfest Bier
(50cl)
- 
7,00Â â‚¬

Munich
(50cl)
- 
6,00Â â‚¬
 Dunkel
(50cl)
- 
7,50Â â‚¬
 Saint Thomas
(50cl)
- 
8,00Â â‚¬

aaaaaaaaaaaaaaaaaa 
8,00Â â‚¬

3,00Â â‚¬

aaaaaaaaaaaaaaaaaaaa 
6,00Â â‚¬

5,00Â â‚¬

aaaaaaaaaaaaa 
5,00Â â‚¬

5,00Â â‚¬

aaaaaaaaaaaaa 
2,00Â â‚¬

7,00Â â‚¬

aaaaaaaaaaaaaaaaaaaa 
1,00Â â‚¬

6,00Â â‚¬

aaaaaaaaaaaaaaaaaaaa 
4,00Â â‚¬

3,00Â â‚¬

aaaaaaaaaaaaaaaaa 
8,00Â â‚¬

5,00Â â‚¬

aaaaaaaaaaaa 
3,00Â â‚¬

1,00Â â‚¬

aaaaaaaaaaaaaaaaaaaa 
6,00Â â‚¬

5,00Â â‚¬
Pour voir les horaires et les prix de toutes les boissons en happy hour, tÃ©lÃ©charge l'appli Schlouk Mapâ€¯
Scanner le QR CodeAppli gratuiteÂ Â Â·Â Â 4,8/5"	/fr/places/le-biergarten-toulouse
L'Ancienne Belgique	"Ouverture
Lundi

16:00 - 02:00

Mardi

16:00 - 02:00

Mercredi

16:00 - 02:00

Jeudi

16:00 - 02:00

Vendredi

16:00 - 02:00

Samedi

16:00 - 02:00

Dimanche

FermÃ©"	['Terrasse', 'Restauration', 'Concerts / Musique Live']	"Happy HourStandardJupiler(50cl)
4,00Â â‚¬

6,00Â â‚¬
CuvÃ©e des Trolls(50cl)
- 
8,80Â â‚¬
 Triple Karmeliet
(50cl)
- 
9,90Â â‚¬
 Blanche
(50cl)
- 
8,00Â â‚¬

aaaaaaaaaaaaaaaa 
3,00Â â‚¬

3,00Â â‚¬

aaaaaaaaaaaaa 
2,00Â â‚¬

1,00Â â‚¬

aaaaaaaaaaa 
6,00Â â‚¬

5,00Â â‚¬

aaaaaaaaaaaaaaaaaaaa 
1,00Â â‚¬

4,00Â â‚¬

aaaaaaaaaaaaaaaa 
5,00Â â‚¬

8,00Â â‚¬

aaaaaaaaaaaaaaa 
7,00Â â‚¬

4,00Â â‚¬

aaaaaaaaaaaaaaa 
8,00Â â‚¬

6,00Â â‚¬

aaaaaaaaaaaaaaa 
5,00Â â‚¬

7,00Â â‚¬

aaaaaaaaaaa 
3,00Â â‚¬

2,00Â â‚¬
Pour voir les horaires et les prix de toutes les boissons en happy hour, tÃ©lÃ©charge l'appli Schlouk Mapâ€¯
Scanner le QR CodeAppli gratuiteÂ Â Â·Â Â 4,8/5"	/fr/places/lancienne-belgique
Bar Des ZÃ©s	"Ouverture
Lundi

18:00 - 02:00

Mardi

18:00 - 02:00

Mercredi

18:00 - 02:00

Jeudi

18:00 - 02:00

Vendredi

18:00 - 02:00

Samedi

18:00 - 03:00

Dimanche

FermÃ©"	['Terrasse', 'Restauration', 'Diffusion de matchs', 'FlÃ©chettes']	"Happy HourStandard
Licorne Blonde
(50cl)
3,50Â â‚¬

5,50Â â‚¬
Slash Mango(50cl)
- 
7,00Â â‚¬
 Cidre Henry Weston
(50cl)
- 
7,00Â â‚¬
 Skoll
(33cl)
- 
4,00Â â‚¬

aaaaaaaaaaa 
2,00Â â‚¬

3,00Â â‚¬

aaaaaaaaaaaaaa 
4,00Â â‚¬

1,00Â â‚¬

aaaaaaaaaaaaaaaaaaa 
7,00Â â‚¬

6,00Â â‚¬

aaaaaaaaaaaaaaaaaaa 
8,00Â â‚¬

4,00Â â‚¬

aaaaaaaaaaaaaaaaaa 
1,00Â â‚¬

4,00Â â‚¬

aaaaaaaaaaaaaaaaaaa 
7,00Â â‚¬

8,00Â â‚¬

aaaaaaaaaaa 
2,00Â â‚¬

1,00Â â‚¬

aaaaaaaaaaaaaaaa 
5,00Â â‚¬

8,00Â â‚¬

aaaaaaaaaaaaaaaaaaaa 
4,00Â â‚¬

7,00Â â‚¬
Pour voir les horaires et les prix de toutes les boissons en happy hour, tÃ©lÃ©charge l'appli Schlouk Mapâ€¯
Scanner le QR CodeAppli gratuiteÂ Â Â·Â Â 4,8/5"	/fr/places/bar-des-zes
Le Carbet d'Oc	"Ouverture
Lundi

12:00 - 00:00

Mardi

12:00 - 00:00

Mercredi

12:00 - 00:00

Jeudi

12:00 - 01:00

Vendredi

12:00 - 02:00

Samedi

12:00 - 03:00

Dimanche

12:00 - 00:00"	['Terrasse', 'Restauration', 'Diffusion de matchs', 'Concerts / Musique Live', 'DJ Mix']	"Happy HourStandardPelforth(50cl)
4,00Â â‚¬

6,00Â â‚¬
Mort Subite White Lambic(50cl)
6,00Â â‚¬

7,50Â â‚¬
 Heineken
(33cl)
- 
5,50Â â‚¬
 Mort Subite Kriek Lambic
(33cl)
- 
6,00Â â‚¬

aaaaaaaaaaaaaaaaa 
3,00Â â‚¬

5,00Â â‚¬

aaaaaaaaaaaaaa 
5,00Â â‚¬

2,00Â â‚¬

aaaaaaaaaaaaaaaaaaaa 
8,00Â â‚¬

3,00Â â‚¬

aaaaaaaaaaaaa 
5,00Â â‚¬

5,00Â â‚¬

aaaaaaaaaaaaaa 
2,00Â â‚¬

3,00Â â‚¬

aaaaaaaaaaaa 
3,00Â â‚¬

2,00Â â‚¬

aaaaaaaaaaaa 
6,00Â â‚¬

6,00Â â‚¬

aaaaaaaaaaaaaaaa 
1,00Â â‚¬

8,00Â â‚¬

aaaaaaaaaaa 
2,00Â â‚¬

2,00Â â‚¬
Pour voir les horaires et les prix de toutes les boissons en happy hour, tÃ©lÃ©charge l'appli Schlouk Mapâ€¯
Scanner le QR CodeAppli gratuiteÂ Â Â·Â Â 4,8/5"	/fr/places/le-carbet-doc
Pub O'Clock	"Ouverture
Lundi

15:00 - 02:00

Mardi

15:00 - 02:00

Mercredi

15:00 - 02:00

Jeudi

15:00 - 02:00

Vendredi

10:00 - 02:00

Samedi

10:00 - 03:00

Dimanche

10:00 - 02:00"	['Terrasse', 'Restauration', 'Diffusion de matchs', 'Concerts / Musique Live']	"Happy HourStandardPaulaner(50cl)
4,00Â â‚¬

- Maredsous Blonde(50cl)
4,50Â â‚¬

-  Paulaner Salvator
(50cl)
4,50Â â‚¬

-  Brewdog Punk Ipa
(50cl)
5,00Â â‚¬

- 
aaaaaaaaaaaaaaa 
5,00Â â‚¬

7,00Â â‚¬

aaaaaaaaaaaaaa 
4,00Â â‚¬

8,00Â â‚¬

aaaaaaaaaaaaaaaaaaaa 
8,00Â â‚¬

3,00Â â‚¬

aaaaaaaaaaaaa 
7,00Â â‚¬

3,00Â â‚¬

aaaaaaaaaaa 
7,00Â â‚¬

5,00Â â‚¬

aaaaaaaaaaaaaaaaaaaaa 
3,00Â â‚¬

5,00Â â‚¬

aaaaaaaaaaaaaaaaaaaaa 
5,00Â â‚¬

1,00Â â‚¬

aaaaaaaaaaaaaaaaa 
3,00Â â‚¬

7,00Â â‚¬

aaaaaaaaaaa 
4,00Â â‚¬

4,00Â â‚¬
Pour voir les horaires et les prix de toutes les boissons en happy hour, tÃ©lÃ©charge l'appli Schlouk Mapâ€¯
Scanner le QR CodeAppli gratuiteÂ Â Â·Â Â 4,8/5"	/fr/places/pub-oclock
The George and Dragon	"Ouverture
Lundi

16:00 - 02:00

Mardi

16:00 - 02:00

Mercredi

16:00 - 02:00

Jeudi

16:00 - 02:00

Vendredi

16:00 - 02:00

Samedi

15:00 - 03:00

Dimanche

15:00 - 01:00"	['Terrasse', 'Restauration', 'Diffusion de matchs', 'Concerts / Musique Live', 'DJ Mix']	"Happy HourStandard
John Bull Classic
(50cl)
5,20Â â‚¬

- 
Charlie Dry Hopped Lager
(50cl)
6,20Â â‚¬

-  Charlie Triple Hopped IPA
(50cl)
6,20Â â‚¬

-  Wit a Minute
(50cl)
6,50Â â‚¬

- 
aaaaaaaaaaaaaa 
5,00Â â‚¬

1,00Â â‚¬

aaaaaaaaaaaa 
6,00Â â‚¬

3,00Â â‚¬

aaaaaaaaaaaaaaaaaa 
1,00Â â‚¬

8,00Â â‚¬

aaaaaaaaaaaaaaaaaaa 
7,00Â â‚¬

3,00Â â‚¬

aaaaaaaaaaaaaaaaaaaaa 
7,00Â â‚¬

1,00Â â‚¬

aaaaaaaaaaaaaaaaaaa 
4,00Â â‚¬

2,00Â â‚¬

aaaaaaaaaaaaaa 
3,00Â â‚¬

2,00Â â‚¬

aaaaaaaaaaaaaaa 
6,00Â â‚¬

1,00Â â‚¬

aaaaaaaaaaaa 
2,00Â â‚¬

2,00Â â‚¬
Pour voir les horaires et les prix de toutes les boissons en happy hour, tÃ©lÃ©charge l'appli Schlouk Mapâ€¯
Scanner le QR CodeAppli gratuiteÂ Â Â·Â Â 4,8/5"	/fr/places/the-george-and-dragon
The Melting Pot Pub	"Ouverture
Lundi

12:00 - 02:00

Mardi

12:00 - 02:00

Mercredi

12:00 - 02:00

Jeudi

12:00 - 02:00

Vendredi

12:00 - 02:00

Samedi

12:00 - 03:00

Dimanche

12:00 - 02:00"	['Terrasse', 'Wifi gratuit', 'Diffusion de matchs', 'ðŸŒ¬ Air climatisÃ©', 'AccÃ¨s & Toilettes HandicapÃ©s', 'Baby-Foot', 'Chiens acceptÃ©s']	"Happy HourStandardStella Artois(50cl)
4,70Â â‚¬

6,20Â â‚¬
1664 Blanche(50cl)
5,40Â â‚¬

6,90Â â‚¬
 Leffe Blonde
(50cl)
6,70Â â‚¬

8,20Â â‚¬
 Guinness
(50cl)
6,40Â â‚¬

7,90Â â‚¬

aaaaaaaaaaaaaaaa 
3,00Â â‚¬

8,00Â â‚¬

aaaaaaaaaaaaaaaaaaaa 
4,00Â â‚¬

7,00Â â‚¬

aaaaaaaaaaaaaaaaa 
1,00Â â‚¬

2,00Â â‚¬

aaaaaaaaaaaaa 
6,00Â â‚¬

7,00Â â‚¬

aaaaaaaaaaaaaaa 
2,00Â â‚¬

5,00Â â‚¬

aaaaaaaaaaaaaaaaa 
8,00Â â‚¬

2,00Â â‚¬

aaaaaaaaaaaaaaaaaa 
7,00Â â‚¬

1,00Â â‚¬

aaaaaaaaaaaaaaaaaaaa 
6,00Â â‚¬

2,00Â â‚¬

aaaaaaaaaaaaaaaaaaa 
2,00Â â‚¬

1,00Â â‚¬
Pour voir les horaires et les prix de toutes les boissons en happy hour, tÃ©lÃ©charge l'appli Schlouk Mapâ€¯
Scanner le QR CodeAppli gratuiteÂ Â Â·Â Â 4,8/5"	/fr/places/the-melting-pot-pub
Les Tricheurs	"Ouverture
Lundi

17:00 - 01:00

Mardi

17:00 - 01:00

Mercredi

17:00 - 01:00

Jeudi

17:00 - 01:00

Vendredi

17:00 - 01:00

Samedi

15:00 - 02:00

Dimanche

15:00 - 02:00"	['Jeux de sociÃ©tÃ©']	"Happy HourStandardLicorne(50cl)
5,00Â â‚¬

- 
BiÃ¨re au Beurre
(50cl)
7,00Â â‚¬

-  Cidre au Beurre
(50cl)
7,00Â â‚¬

-  Cidre au Beurre
(50cl)
4,00Â â‚¬

- 
aaaaaaaaaaaaaa 
3,00Â â‚¬

7,00Â â‚¬

aaaaaaaaaaaaaaa 
5,00Â â‚¬

1,00Â â‚¬

aaaaaaaaaaaaa 
5,00Â â‚¬

5,00Â â‚¬

aaaaaaaaaaaaaaa 
2,00Â â‚¬

8,00Â â‚¬

aaaaaaaaaaa 
2,00Â â‚¬

7,00Â â‚¬

aaaaaaaaaaaaaa 
8,00Â â‚¬

1,00Â â‚¬

aaaaaaaaaaaa 
6,00Â â‚¬

4,00Â â‚¬

aaaaaaaaaaaaa 
1,00Â â‚¬

6,00Â â‚¬

aaaaaaaaaaaaaa 
8,00Â â‚¬

5,00Â â‚¬
Pour voir les horaires et les prix de toutes les boissons en happy hour, tÃ©lÃ©charge l'appli Schlouk Mapâ€¯
Scanner le QR CodeAppli gratuiteÂ Â Â·Â Â 4,8/5"	/fr/places/les-tricheurs-1
Baraka Jeux	"Ouverture
Lundi

17:00 - 01:00

Mardi

17:00 - 01:00

Mercredi

17:00 - 01:00

Jeudi

17:00 - 01:00

Vendredi

17:00 - 02:00

Samedi

14:00 - 02:00

Dimanche

14:00 - 00:00"	['Terrasse', 'Restauration']	"Happy HourStandardStella Artois(50cl)
3,90Â â‚¬

- Hoegaarden Blanche(50cl)
4,90Â â‚¬

-  Triple Karmeliet
(50cl)
5,60Â â‚¬

-  Picon
(50cl)
5,00Â â‚¬

- 
aaaaaaaaaaaaaaaaa 
6,00Â â‚¬

8,00Â â‚¬

aaaaaaaaaaaaaaaaaa 
2,00Â â‚¬

5,00Â â‚¬

aaaaaaaaaaaaaaaaaaaa 
1,00Â â‚¬

7,00Â â‚¬

aaaaaaaaaaaaaaaaa 
1,00Â â‚¬

4,00Â â‚¬

aaaaaaaaaaaaaaaaaa 
6,00Â â‚¬

8,00Â â‚¬

aaaaaaaaaaaaa 
8,00Â â‚¬

6,00Â â‚¬

aaaaaaaaaaaaaaaaaaaa 
8,00Â â‚¬

3,00Â â‚¬

aaaaaaaaaaaa 
1,00Â â‚¬

7,00Â â‚¬

aaaaaaaaaaaa 
4,00Â â‚¬

8,00Â â‚¬
Pour voir les horaires et les prix de toutes les boissons en happy hour, tÃ©lÃ©charge l'appli Schlouk Mapâ€¯
Scanner le QR CodeAppli gratuiteÂ Â Â·Â Â 4,8/5"	/fr/places/baraka-jeux-1
Dada	"Ouverture
Lundi

18:00 - 00:00

Mardi

18:00 - 02:00

Mercredi

18:00 - 02:00

Jeudi

18:00 - 02:00

Vendredi

18:00 - 02:00

Samedi

18:00 - 03:00

Dimanche

FermÃ©"	['Terrasse', 'Restauration', 'Wifi gratuit', 'AccÃ¨s & Toilettes HandicapÃ©s', 'Concerts / Musique Live', 'DJ Mix', 'Chiens acceptÃ©s']	"Happy HourStandardMutzig(50cl)
4,00Â â‚¬

- Picon(50cl)
5,00Â â‚¬

-  Vin Blanc
(12.5cl)
2,00Â â‚¬

-  Vin Rouge
(12.5cl)
2,00Â â‚¬

- 
aaaaaaaaaaaaaaaaaaaaa 
1,00Â â‚¬

7,00Â â‚¬

aaaaaaaaaaaaaaaaaaa 
1,00Â â‚¬

3,00Â â‚¬

aaaaaaaaaaa 
4,00Â â‚¬

7,00Â â‚¬

aaaaaaaaaaaa 
7,00Â â‚¬

1,00Â â‚¬

aaaaaaaaaaaaaaaaaaaaa 
2,00Â â‚¬

4,00Â â‚¬

aaaaaaaaaaaaaaaa 
2,00Â â‚¬

2,00Â â‚¬

aaaaaaaaaaaa 
2,00Â â‚¬

6,00Â â‚¬

aaaaaaaaaaa 
6,00Â â‚¬

1,00Â â‚¬

aaaaaaaaaaaaaa 
7,00Â â‚¬

8,00Â â‚¬
Pour voir les horaires et les prix de toutes les boissons en happy hour, tÃ©lÃ©charge l'appli Schlouk Mapâ€¯
Scanner le QR CodeAppli gratuiteÂ Â Â·Â Â 4,8/5"	/fr/places/dada
Le Filochard	"Ouverture
Lundi

17:00 - 02:00

Mardi

17:00 - 02:00

Mercredi

17:00 - 02:00

Jeudi

17:00 - 02:00

Vendredi

17:00 - 02:00

Samedi

17:00 - 03:00

Dimanche

17:00 - 02:00"	['Terrasse', 'Concerts / Musique Live', 'DJ Mix', 'Chiens acceptÃ©s', 'Jeux de sociÃ©tÃ©']	"Happy HourStandardBiÃ¨re blonde(50cl)
3,00Â â‚¬

- Picon(50cl)
4,00Â â‚¬

-  Double Suze

4,00Â â‚¬

-  Double Pastis

2,20Â â‚¬

- 
aaaaaaaaaaaaaaaaaaaaa 
1,00Â â‚¬

6,00Â â‚¬

aaaaaaaaaaaaaaaa 
4,00Â â‚¬

7,00Â â‚¬

aaaaaaaaaaaaaaaaaaa 
4,00Â â‚¬

2,00Â â‚¬

aaaaaaaaaaa 
2,00Â â‚¬

8,00Â â‚¬

aaaaaaaaaaaaaaaaa 
1,00Â â‚¬

8,00Â â‚¬

aaaaaaaaaaaaaaa 
8,00Â â‚¬

4,00Â â‚¬

aaaaaaaaaaaaaaaaaaa 
6,00Â â‚¬

1,00Â â‚¬

aaaaaaaaaaaaaaaaaaaaa 
1,00Â â‚¬

4,00Â â‚¬

aaaaaaaaaaaaaa 
2,00Â â‚¬

5,00Â â‚¬
Pour voir les horaires et les prix de toutes les boissons en happy hour, tÃ©lÃ©charge l'appli Schlouk Mapâ€¯
Scanner le QR CodeAppli gratuiteÂ Â Â·Â Â 4,8/5"	/fr/places/le-filochard
